<?xml version="1.0" encoding="utf-8"?>
<extension version="1.6" type="plugin"  method="upgrade" group="advancedsearch">
	<name>AdvancedSearch - Fieldsattachment</name>
	<author>Cristian Grañó Reder</author>
	<creationDate>11-12-2011</creationDate>
	<copyright>Copyright (C) 2005 - 2011 Open Source Matters. All rights reserved.</copyright>
	<license>http://www.gnu.org/licenses/gpl-2.0.html GNU/GPL</license>
	<authorEmail>cristiangrano@hotmail.com	</authorEmail>
	<authorUrl>www.percha.com</authorUrl>
	<version>1.1</version>
	<description>Seach on the extra fields</description>
	<files>
		<filename plugin="fieldsattachment">fieldsattachment.php</filename> 
	</files>
	 <config>
		<fields name="params">
			<fieldset name="basic">
				<field name="search_limit2" type="text" default="4000" description="If you have memory problems change this  for a less value" label="SQL limit" size="5" />
                </fieldset>
                </fields>
   </config>

</extension>
