<?xml version="1.0" encoding="utf-8"?>
<extension type="component" version="1.6.0" method="upgrade">
	<name>com_tortags</name>
	<creationDate>October 2012</creationDate>
	<author>Tormix</author>
	<authorEmail>suppot@tormix.com</authorEmail>
	<authorUrl>http://tormix.com</authorUrl>
	<copyright>Copyright 2010 - 2012. All rights reserved</copyright>
	<license>http://www.gnu.org/licenseses/gpl-2.0.html GNU/GPL</license>
	<version>1.3.6</version>
	<description></description>
	<scriptfile>script.php</scriptfile>
	<install>
		<sql>
			<file driver="mysql" charset="utf8">sql/install.mysql.utf8.sql</file>
		</sql>
	</install>
	<uninstall>
		<sql>
			<file driver="mysql" charset="utf8">sql/uninstall.mysql.utf8.sql</file>
		</sql>
	</uninstall>
	
	<files folder="site">
		<filename>index.html</filename>
		<filename>tortags.php</filename>
		<filename>controller.php</filename>
		<folder>assets</folder>
		<folder>views</folder>
		<folder>models</folder>
	</files>
	
	<media destination="com_tortags" folder="media">
		<filename>index.html</filename>
		<folder>images</folder>
	</media>
	
	<administration>
		<menu img="../media/com_tortags/images/tormix-16.png" alt="Tortags">COM_TORTAGS_MENU</menu>
		<submenu>
			<menu link="option=com_tortags&amp;view=components" alt="Components" img="/administrator/components/com_tortags/assets/images/components.png" >COM_TORTAGS_MENU_COMOPONENTS</menu>
			<menu link="option=com_tortags&amp;view=tags" alt="Tags" img="/administrator/components/com_tortags/assets/images/tags.png" >COM_TORTAGS_MENU_TAGS</menu>
		</submenu>
		<files folder="admin">
			<filename>index.html</filename>
			<filename>config.xml</filename>
			<filename>access.xml</filename>
			<filename>changelog.txt</filename>
			<filename>tortags.php</filename>
			<filename>controller.php</filename>
			<folder>sql</folder>
			<folder>tables</folder>
			<folder>models</folder>
			<folder>views</folder>
			<folder>controllers</folder>
			<folder>helpers</folder>
			<folder>assets</folder>
		</files>
 
		<languages folder="admin">
			<language tag="en-GB">language/en-GB/en-GB.com_tortags.ini</language>
			<language tag="en-GB">language/en-GB/en-GB.com_tortags.sys.ini</language>
			<language tag="ru-RU">language/ru-RU/ru-RU.com_tortags.ini</language>
			<language tag="ru-RU">language/ru-RU/ru-RU.com_tortags.sys.ini</language>
			<language tag="es-ES">language/es-ES/es-ES.com_tortags.ini</language>
			<language tag="es-ES">language/es-ES/es-ES.com_tortags.sys.ini</language>
			<language tag="de-DE">language/de-DE/de-DE.com_tortags.ini</language>
			<language tag="de-DE">language/de-DE/de-DE.com_tortags.sys.ini</language>
		</languages>
	</administration>
</extension>
