<?xml version="1.0" encoding="utf-8"?>
<extension group="content" method="upgrade" type="plugin" version="2.5.0">
	<name>plg_content_phocagallery</name>
	<creationDate>25/06/2013</creationDate>
	<author>Jan Pavelka (www.phoca.cz)</author>
	<authorEmail></authorEmail>
	<authorUrl>www.phoca.cz</authorUrl>
	<copyright>Jan Pavelka</copyright>
	<license>GNU/GPL</license>
	<version>3.2.6</version>
	
	<description>PLG_CONTENT_PHOCAGALLERY_DESCRIPTION</description>
	
	<files>
		<filename plugin="phocagallery">phocagallery.php</filename>
		<filename >index.html</filename>
	</files>
	
	<languages>
		<language tag="en-GB">language/en-GB/en-GB.plg_content_phocagallery.ini</language>
		<language tag="en-GB">language/en-GB/en-GB.plg_content_phocagallery.sys.ini</language>
	</languages>
	
	<administration>
		<languages>
			<language tag="en-GB">language/en-GB/en-GB.plg_content_phocagallery.ini</language>
			<language tag="en-GB">language/en-GB/en-GB.plg_content_phocagallery.sys.ini</language>
		</languages>
	</administration>

</extension>
