<?xml version="1.0" encoding="utf-8"?>
<extension group="editors-xtd" method="upgrade" type="plugin" version="1.6.0">
	<name>plg_editors-xtd_phocagallery</name>
	<creationDate>09/06/2011</creationDate>
	<author>Jan Pavelka (www.phoca.cz)</author>
	<authorEmail></authorEmail>
	<authorUrl>www.phoca.cz</authorUrl>
	<copyright>Jan Pavelka</copyright>
	<license>GNU/GPL</license>
	<version>3.0.1</version>
	
	<description>PLG_EDITORS-XTD_PHOCAGALLERY_DESCRIPTION</description>
	
	<files>
		<filename plugin="phocagallery">phocagallery.php</filename>
		<filename>index.html</filename>
		<folder>assets</folder>
	</files>
	
	<languages>
		<language tag="en-GB">language/en-GB/en-GB.plg_editors-xtd_phocagallery.ini</language>
		<language tag="en-GB">language/en-GB/en-GB.plg_editors-xtd_phocagallery.sys.ini</language>
	</languages>
	
	<administration>
		<languages>
			<language tag="en-GB">language/en-GB/en-GB.plg_editors-xtd_phocagallery.ini</language>
			<language tag="en-GB">language/en-GB/en-GB.plg_editors-xtd_phocagallery.sys.ini</language>
		</languages>
	</administration>

	<config>
		<fields name="params">
			<fieldset name="basic">
				<field name="enable_frontend" type="list" default="0" label="PLG_EDITORS-XTD_PHOCAGALLERY_ENABLE_FRONTEND_LABEL" description="PLG_EDITORS-XTD_PHOCAGALLERY_ENABLE_FRONTEND_DESC">
					<option value="0">PLG_EDITORS-XTD_PHOCAGALLERY_NO</option>
					<option value="1">PLG_EDITORS-XTD_PHOCAGALLERY_YES</option>
				</field>
			</fieldset>
		</fields>
	</config>
</extension>
