<?xml version="1.0" encoding="utf-8"?>
<!-- $Id: FIELDSATTACHIMAGE.xml 62 2010-11-28 16:08:16Z cristian $ -->
<form>
     <fields name="params">
            <fieldset
		name="parametros_file"
		label="PLG_IMAGEGALLERY_IMAGEGALLERY_OPTIONS"
	>
                <field
			name="field_file_description"
			type="Description"
                        default="PLG_FILE_DESCRIPTION"
		/>
		<field
				name="field_selectable"
				type="list"
				label="COM_FIELDSATTACH_SELECTABLE"
				default=""
			 >
                              <option value="">Upload File</option>
                              <option value="selectable">Joomla select and upload file</option>
                         </field>

            </fieldset>
	</fields>
</form>


